<?xml version="1.0" encoding="iso-8859-1"?>
<map mapName="GP Track 2">
<row><tile linkage="Type_01" rotation="0" /><tile linkage="Type_01" rotation="0" /><tile linkage="Type_07" rotation="0" /><tile linkage="Type_05" rotation="0" /><tile linkage="Type_07" rotation="270" /><tile linkage="Type_01" rotation="0" /><tile linkage="Type_01" rotation="0" /><tile linkage="Type_01" rotation="0" /></row>
<row><tile linkage="Type_01" rotation="0" /><tile linkage="Type_01" rotation="0" /><tile linkage="Type_13" rotation="90" /><tile linkage="Type_18" rotation="90" /><tile linkage="Type_00" rotation="270" /><tile linkage="Type_13" rotation="180" /><tile linkage="Type_01" rotation="0" /><tile linkage="Type_01" rotation="0" /></row>
<row><tile linkage="Type_01" rotation="0" /><tile linkage="Type_01" rotation="0" /><tile linkage="Type_15" rotation="0" /><tile linkage="Type_24" rotation="0" /><tile linkage="Type_19" rotation="0" /><tile linkage="Type_12" rotation="180" /><tile linkage="Type_01" rotation="0" /><tile linkage="Type_01" rotation="0" /></row>
<row><tile linkage="Type_01" rotation="0" /><tile linkage="Type_01" rotation="0" /><tile linkage="Type_13" rotation="0" /><tile linkage="Type_14" rotation="90" /><tile linkage="Type_13" rotation="180" /><tile linkage="Type_13" rotation="0" /><tile linkage="Type_13" rotation="180" /><tile linkage="Type_01" rotation="0" /></row>
<row><tile linkage="Type_01" rotation="0" /><tile linkage="Type_01" rotation="0" /><tile linkage="Type_01" rotation="0" /><tile linkage="Type_01" rotation="0" /><tile linkage="Type_11" rotation="0" /><tile linkage="Type_19" rotation="0" /><tile linkage="Type_12" rotation="0" /><tile linkage="Type_01" rotation="0" /></row>
<row><tile linkage="Type_01" rotation="0" /><tile linkage="Type_01" rotation="0" /><tile linkage="Type_01" rotation="0" /><tile linkage="Type_01" rotation="0" /><tile linkage="Type_13" rotation="0" /><tile linkage="Type_15" rotation="90" /><tile linkage="Type_13" rotation="270" /><tile linkage="Type_01" rotation="0" /></row>
<row><tile linkage="Type_01" rotation="0" /><tile linkage="Type_01" rotation="0" /><tile linkage="Type_01" rotation="0" /><tile linkage="Type_01" rotation="0" /><tile linkage="Type_01" rotation="0" /><tile linkage="Type_01" rotation="0" /><tile linkage="Type_01" rotation="0" /><tile linkage="Type_01" rotation="0" /></row>
<row><tile linkage="Type_01" rotation="0" /><tile linkage="Type_01" rotation="0" /><tile linkage="Type_01" rotation="0" /><tile linkage="Type_01" rotation="0" /><tile linkage="Type_01" rotation="0" /><tile linkage="Type_01" rotation="0" /><tile linkage="Type_01" rotation="0" /><tile linkage="Type_01" rotation="0" /></row>
</map>
