﻿<?xml version="1.0" encoding="iso-8859-1"?>
<map mapName="GP Track 1">
<row><tile linkage="Type_01" rotation="0" /><tile linkage="Type_01" rotation="0" /><tile linkage="Type_01" rotation="0" /><tile linkage="Type_01" rotation="0" /><tile linkage="Type_01" rotation="0" /><tile linkage="Type_01" rotation="0" /><tile linkage="Type_01" rotation="0" /><tile linkage="Type_01" rotation="0" /></row>
<row><tile linkage="Type_01" rotation="0" /><tile linkage="Type_01" rotation="0" /><tile linkage="Type_01" rotation="0" /><tile linkage="Type_01" rotation="0" /><tile linkage="Type_13" rotation="90" /><tile linkage="Type_12" rotation="90" /><tile linkage="Type_17" rotation="180" /><tile linkage="Type_01" rotation="0" /></row>
<row><tile linkage="Type_01" rotation="0" /><tile linkage="Type_01" rotation="0" /><tile linkage="Type_01" rotation="0" /><tile linkage="Type_01" rotation="0" /><tile linkage="Type_12" rotation="0" /><tile linkage="Type_01" rotation="0" /><tile linkage="Type_11" rotation="0" /><tile linkage="Type_01" rotation="0" /></row>
<row><tile linkage="Type_01" rotation="0" /><tile linkage="Type_01" rotation="0" /><tile linkage="Type_01" rotation="0" /><tile linkage="Type_01" rotation="0" /><tile linkage="Type_11" rotation="0" /><tile linkage="Type_01" rotation="0" /><tile linkage="Type_00" rotation="0" /><tile linkage="Type_01" rotation="0" /></row>
<row><tile linkage="Type_01" rotation="0" /><tile linkage="Type_01" rotation="0" /><tile linkage="Type_01" rotation="0" /><tile linkage="Type_01" rotation="0" /><tile linkage="Type_17" rotation="0" /><tile linkage="Type_11" rotation="90" /><tile linkage="Type_13" rotation="270" /><tile linkage="Type_01" rotation="0" /></row>
<row><tile linkage="Type_01" rotation="0" /><tile linkage="Type_01" rotation="0" /><tile linkage="Type_01" rotation="0" /><tile linkage="Type_01" rotation="0" /><tile linkage="Type_01" rotation="0" /><tile linkage="Type_01" rotation="0" /><tile linkage="Type_01" rotation="0" /><tile linkage="Type_01" rotation="0" /></row>
<row><tile linkage="Type_01" rotation="0" /><tile linkage="Type_01" rotation="0" /><tile linkage="Type_01" rotation="0" /><tile linkage="Type_01" rotation="0" /><tile linkage="Type_01" rotation="0" /><tile linkage="Type_01" rotation="0" /><tile linkage="Type_01" rotation="0" /><tile linkage="Type_01" rotation="0" /></row>
<row><tile linkage="Type_01" rotation="0" /><tile linkage="Type_01" rotation="0" /><tile linkage="Type_01" rotation="0" /><tile linkage="Type_01" rotation="0" /><tile linkage="Type_01" rotation="0" /><tile linkage="Type_01" rotation="0" /><tile linkage="Type_01" rotation="0" /><tile linkage="Type_01" rotation="0" /></row>
</map>

