{
"productName": "Tunnel Rush",
"dataUrl": "tunnel_rush_v9data.unityweb",
"wasmCodeUrl": "tunnel_rush_v9wasmcode.unityweb",
"wasmFrameworkUrl": "tunnel_rush_v9wasmframework.unityweb",
"asmCodeUrl": "tunnel_rush_v9code.unityweb",
"asmMemoryUrl": "tunnel_rush_v9memory.unityweb",
"asmFrameworkUrl": "tunnel_rush_v9framework.unityweb",
"TOTAL_MEMORY": 268435456,
"graphicsAPI": ["WebGL 2.0", "WebGL 1.0"],
"webglContextAttributes": {"preserveDrawingBuffer": false},
"splashScreenStyle": "Dark",
"backgroundColor": "#808080"
}
